ID,CH,F,SPINDLE,Time_of_night,STOP
nsrr4316,EEG3,10.895,1,6.609635416666666,6.609774305555556
nsrr4316,EEG3,10.895,2,6.673342013888889,6.673541666666667
nsrr4316,EEG3,10.895,3,6.686518012152778,6.686687282986111
