ID,CH,F,SPINDLE,Time_of_night,STOP
nsrr5040,EEG3,10.895,1,4.693512369791667,4.693657769097222
nsrr5040,EEG3,10.895,2,4.752562934027778,4.752712673611111
nsrr5040,EEG3,10.895,3,4.770771484375,4.770948350694445
nsrr5040,EEG3,10.895,4,4.988639322916667,4.9888302951388885
nsrr5040,EEG3,10.895,5,4.995961371527778,4.996148003472222
nsrr5040,EEG3,10.895,6,7.065770399305555,7.0659798177083335
nsrr5040,EEG3,10.895,7,8.523944227430556,8.524129774305555
