ID,CH,F,SPINDLE,Time_of_night,STOP
nsrr0590,EEG3,10.895,1,1.6077647569444444,1.607939453125
nsrr0590,EEG3,10.895,2,1.640517578125,1.6411480034722221
nsrr0590,EEG3,10.895,3,1.7154437934027778,1.7156456163194445
nsrr0590,EEG3,10.895,4,1.7910188802083333,1.7912760416666667
nsrr0590,EEG3,10.895,5,1.9841710069444445,1.984324001736111
nsrr0590,EEG3,10.895,6,1.9870779079861112,1.987218967013889
nsrr0590,EEG3,10.895,7,2.8242578125,2.824398871527778
nsrr0590,EEG3,10.895,8,3.655806206597222,3.6559852430555555
