ID,CH,F,SPINDLE,Time_of_night,STOP
nsrr0347,EEG3,10.895,1,2.8040885416666668,2.804304470486111
nsrr0347,EEG3,10.895,2,5.927584635416666,5.927728949652778
nsrr0347,EEG3,10.895,3,5.938524305555555,5.938687065972222
nsrr0347,EEG3,10.895,4,7.531342230902778,7.531612413194445
nsrr0347,EEG3,10.895,5,7.5590234375,7.559206814236111
