ID,CH,F,SPINDLE,Time_of_night,STOP
nsrr0445,EEG3,10.895,1,4.243898654513889,4.244073350694444
nsrr0445,EEG3,10.895,2,4.595678168402777,4.595874565972222
nsrr0445,EEG3,10.895,3,4.672332899305555,4.672471788194445
nsrr0445,EEG3,10.895,4,4.722903645833333,4.7230447048611115
nsrr0445,EEG3,10.895,5,5.508995225694444,5.509184027777778
nsrr0445,EEG3,10.895,6,5.873537326388889,5.873694661458333
nsrr0445,EEG3,10.895,7,5.910984157986111,5.911124131944445
nsrr0445,EEG3,10.895,8,6.054524739583333,6.054712456597223
