ID,CH,F,SPINDLE,Time_of_night,STOP
nsrr2299,EEG3,10.895,1,4.814008246527778,4.81421875
nsrr2299,EEG3,10.895,2,7.921134982638889,7.921309678819444
nsrr2299,EEG3,10.895,3,8.030418836805556,8.030652126736111
nsrr2299,EEG3,10.895,4,8.07634548611111,8.076722005208333
